X1,X2,X3,X4
0.8333333333333334,0,0.8333333333333334,0
0.875,0,0.875,0
0.75,0,0.75,0
0.875,0,0.7916666666666666,0
1,0,1,0
0.7916666666666666,0,0.75,0
0.875,0,0.7916666666666666,0
1,0,1,0
1,0,0.875,0
0.9583333333333334,0,0.9583333333333334,0
1,0,0.9583333333333334,0
0.875,0,0.875,0
0.9583333333333334,0,0.7916666666666666,0
0.5416666666666666,0,0.5,0
0.9166666666666666,0,0.9166666666666666,0
0.9583333333333334,0,0.9583333333333334,0
1,0,1,0
0.6666666666666666,0,0.6666666666666666,0
1,0,0.9166666666666666,0
1,0,1,0
0.9583333333333334,0,0.9583333333333334,0
1,0,0.8333333333333334,0
0.7083333333333334,0,0.6666666666666666,0
1,0,0.8333333333333334,0
1,0,0.9166666666666666,0
1,0,1,0
0.875,0,0.875,0
1,0,0.8333333333333334,0
0.5833333333333334,0,0.5833333333333334,0
1,0.8125,0.9166666666666666,0.8253968253968254
1,0,0.75,0
0.6666666666666666,0,0.625,0
0.9583333333333334,0,0.875,0
0.7916666666666666,0,0.7916666666666666,0
0.9583333333333334,0,0.875,0
0.9583333333333334,0,0.9583333333333334,0
0.8333333333333334,0,0.8333333333333334,0
0.9166666666666666,0.7349397590361446,0.7916666666666666,0.7625
0.9166666666666666,0,0.75,0
0.875,0,0.875,0
1,0.7931034482758621,1,0.7931034482758621
0.8333333333333334,0,0.75,0
0.9166666666666666,0,0.9166666666666666,0
0.75,0,0.75,0
0.9166666666666666,0,0.9166666666666666,0
0.5416666666666666,0,0.5416666666666666,0
1,0,0.9583333333333334,0
0.8333333333333334,0,0.7916666666666666,0
0.9583333333333334,0,0.9166666666666666,0
1,0,0.9583333333333334,0
0.9166666666666666,0,0.7916666666666666,0
0.9166666666666666,0,0.8333333333333334,0
1,0,1,0
1,0,0.9583333333333334,0
1,0,1,0
0.9166666666666666,0,0.9166666666666666,0
0.7083333333333334,0,0.7083333333333334,0
1,0,0.8333333333333334,0
1,0,0.9166666666666666,0
0.9166666666666666,0,0.7916666666666666,0
1,0,1,0
0.8333333333333334,0,0.8333333333333334,0
1,0,0.8333333333333334,0
0.6666666666666666,0,0.6666666666666666,0
0.9166666666666666,0,0.9166666666666666,0
0.9583333333333334,0,0.8333333333333334,0
1,0,1,0
0.9166666666666666,0,0.875,0
0.9583333333333334,0.640625,0.9583333333333334,0.640625
1,0,1,0
0.7916666666666666,0,0.75,0
0.9166666666666666,0,0.875,0
0.9166666666666666,0,0.875,0
0.9166666666666666,0,0.875,0
0.9583333333333334,0,0.9583333333333334,0
0.75,0,0.75,0
0.9583333333333334,0.6290322580645161,0.9583333333333334,0.6290322580645161
0.9583333333333334,0,0.9166666666666666,0
0.9583333333333334,0,0.9166666666666666,0
0.9166666666666666,0,0.8333333333333334,0
0.9583333333333334,0,0.9583333333333334,0
1,0,1,0
1,0,0.875,0
1,0,1,0
0.9166666666666666,0.043478260869565216,0.875,0.045454545454545456
0.6666666666666666,0,0.6666666666666666,0
0.8333333333333334,0,0.8333333333333334,0
1,0,0.9166666666666666,0
0.6666666666666666,0,0.625,0
0.875,0,0.875,0
0.5416666666666666,0,0.5416666666666666,0
0.9583333333333334,0,0.9583333333333334,0
0.9166666666666666,0,0.8333333333333334,0
0.9583333333333334,0,0.9166666666666666,0
0.5416666666666666,0,0.5416666666666666,0
0.9166666666666666,0.7317073170731707,0.9166666666666666,0.7317073170731707
0.8333333333333334,0,0.75,0
0.9583333333333334,0,0.9583333333333334,0
0.9583333333333334,0,0.9583333333333334,0
1,0,1,0
0.9142857142857143,0,0.9142857142857143,0
0.8285714285714286,0,0.7714285714285715,0
0.6285714285714286,0,0.6285714285714286,0
0.9142857142857143,0,0.8285714285714286,0
1,0,0.9714285714285714,0
0.7714285714285715,0,0.6285714285714286,0
0.7428571428571429,0,0.7428571428571429,0
1,0,0.8857142857142857,0
1,0,0.8285714285714286,0
0.8857142857142857,0,0.8285714285714286,0
0.9428571428571428,0,0.8857142857142857,0
0.7142857142857143,0,0.7142857142857143,0
1,0,0.9142857142857143,0
0.45714285714285713,0,0.42857142857142855,0
0.9714285714285714,0,0.8857142857142857,0
0.9142857142857143,0,0.9142857142857143,0
0.9714285714285714,0,0.9714285714285714,0
0.7142857142857143,0,0.6571428571428571,0
0.9714285714285714,0,0.9142857142857143,0
1,0,1,0
0.9714285714285714,0,0.9714285714285714,0
1,0,0.9142857142857143,0
0.6571428571428571,0,0.5714285714285714,0
1,0,0.8857142857142857,0
0.9714285714285714,0,0.8285714285714286,0
1,0,0.9714285714285714,0
0.8285714285714286,0,0.8285714285714286,0
0.9142857142857143,0,0.9142857142857143,0
0.8857142857142857,0,0.8571428571428571,0
1,0,1,0
1,0,0.8285714285714286,0
0.5714285714285714,0,0.5714285714285714,0
0.8571428571428571,0,0.7714285714285715,0
0.7142857142857143,0,0.6571428571428571,0
0.8571428571428571,0,0.8571428571428571,0
0.9714285714285714,0,0.5714285714285714,0
0.5428571428571428,0,0.5142857142857142,0
0.9142857142857143,0.6595744680851063,0.8857142857142857,0.6666666666666666
0.9142857142857143,0,0.8285714285714286,0
0.6571428571428571,0,0.6571428571428571,0
1,0.7348484848484849,0.8857142857142857,0.7578125
0.9142857142857143,0,0.8571428571428571,0
0.9428571428571428,0,0.9428571428571428,0
0.8571428571428571,0,0.8571428571428571,0
0.9428571428571428,0,0.9142857142857143,0
0.37142857142857144,0,0.37142857142857144,0
1,0,0.9428571428571428,0
0.8,0,0.8,0
0.9714285714285714,0,0.9714285714285714,0
0.9714285714285714,0,0.8857142857142857,0
0.7714285714285715,0,0.7428571428571429,0
1,0,0.8857142857142857,0
1,0,1,0
0.8,0,0.8,0
1,0,1,0
1,0,1,0
0.6857142857142857,0,0.6857142857142857,0
1,0,0.8571428571428571,0
1,0,1,0
0.9428571428571428,0,0.8571428571428571,0
1,0,1,0
0.8571428571428571,0,0.8,0
1,0,0.9428571428571428,0
0.5428571428571428,0,0.5428571428571428,0
0.7428571428571429,0,0.7142857142857143,0
0.9714285714285714,0,0.8285714285714286,0
0.9428571428571428,0,0.9428571428571428,0
0.9428571428571428,0,0.9428571428571428,0
0.9714285714285714,0.6730769230769231,0.9714285714285714,0.6730769230769231
1,0,1,0
0.8285714285714286,0,0.8,0
0.8857142857142857,0,0.8571428571428571,0
0.9142857142857143,0,0.8,0
0.9714285714285714,0,0.8285714285714286,0
0.7714285714285715,0,0.7714285714285715,0
0.7428571428571429,0,0.7428571428571429,0
0.8857142857142857,0,0.8857142857142857,0
0.9428571428571428,0,0.9428571428571428,0
0.8285714285714286,0,0.8285714285714286,0
0.8,0,0.8,0
1,0,1,0
0.9714285714285714,0,0.9714285714285714,0
0.9428571428571428,0,0.8285714285714286,0
1,0,1,0
0.7428571428571429,0.037037037037037035,0.7428571428571429,0.037037037037037035
0.5714285714285714,0,0.5714285714285714,0
0.8285714285714286,0,0.8285714285714286,0
1,0,0.9142857142857143,0
0.5428571428571428,0,0.4857142857142857,0
0.8857142857142857,0,0.8857142857142857,0
0.45714285714285713,0,0.45714285714285713,0
0.9428571428571428,0,0.9142857142857143,0
0.8857142857142857,0,0.7714285714285715,0
0.9428571428571428,0,0.9428571428571428,0
0.4,0,0.4,0
0.8857142857142857,0.6868686868686869,0.8857142857142857,0.6868686868686869
0.8,0,0.7142857142857143,0
1,0,0.8857142857142857,0
0.8857142857142857,0,0.8857142857142857,0
1,0,0.9714285714285714,0
0.9090909090909091,0,0.9090909090909091,0
0.7424242424242424,0,0.7121212121212122,0
0.6666666666666666,0,0.6666666666666666,0
0.8333333333333334,0,0.7424242424242424,0
1,0,1,0
0.7727272727272727,0,0.6212121212121212,0
0.8333333333333334,0,0.7878787878787878,0
0.9545454545454546,0,0.9393939393939394,0
1,0,0.8636363636363636,0
0.8484848484848485,0,0.8484848484848485,0
1,0,0.6515151515151515,0
0.7878787878787878,0,0.7878787878787878,0
1,0.014925373134328358,0.8484848484848485,0
0.4696969696969697,0,0.45454545454545453,0
0.9848484848484849,0,0.8484848484848485,0
0.9393939393939394,0,0.9393939393939394,0
0.9090909090909091,0,0.9090909090909091,0
0.6212121212121212,0,0.5606060606060606,0
0.8939393939393939,0,0.8333333333333334,0
1,0,0.9848484848484849,0
0.9848484848484849,0,0.9848484848484849,0
0.9696969696969697,0,0.8181818181818182,0
0.6363636363636364,0,0.5454545454545454,0
0.9848484848484849,0,0.8333333333333334,0
0.9696969696969697,0,0.7424242424242424,0
0.8636363636363636,0,0.8636363636363636,0
0.8939393939393939,0,0.8939393939393939,0
0.9393939393939394,0,0.9393939393939394,0
0.7272727272727273,0,0.4696969696969697,0
1,0.5975609756097561,0.9090909090909091,0.620253164556962
1,0,0.8181818181818182,0
0.5151515151515151,0,0.5,0
0.8939393939393939,0,0.803030303030303,0
0.6515151515151515,0,0.6212121212121212,0
0.9242424242424242,0,0.8939393939393939,0
0.9545454545454546,0,0.5303030303030303,0
0.5454545454545454,0,0.5,0
0.8787878787878788,0.5042735042735043,0.7575757575757576,0.5412844036697247
0.8939393939393939,0,0.8484848484848485,0
0.7424242424242424,0,0.7424242424242424,0
1,0.5796178343949044,0.9242424242424242,0.5986842105263158
0.803030303030303,0,0.7424242424242424,0
0.8939393939393939,0,0.8181818181818182,0
0.7727272727272727,0,0.7575757575757576,0
0.9393939393939394,0,0.9090909090909091,0
0.4393939393939394,0,0.3787878787878788,0
1,0,0.9545454545454546,0
0.8333333333333334,0,0.7121212121212122,0
0.9090909090909091,0,0.8333333333333334,0
1,0.2903225806451613,0.9393939393939394,0.27906976744186046
0.7575757575757576,0,0.6818181818181818,0
1,0,0.8787878787878788,0
1,0,0.9242424242424242,0
0.9696969696969697,0,0.803030303030303,0
0.9696969696969697,0,0.9393939393939394,0
0.9545454545454546,0,0.9545454545454546,0
0.6212121212121212,0,0.6212121212121212,0
0.9848484848484849,0,0.7424242424242424,0
1,0,0.9545454545454546,0
0.9242424242424242,0,0.803030303030303,0
1,0,1,0
0.7727272727272727,0,0.7575757575757576,0
0.9848484848484849,0,0.8333333333333334,0
0.6060606060606061,0,0.6060606060606061,0
0.7424242424242424,0,0.6666666666666666,0
0.9848484848484849,0,0.8484848484848485,0
0.9242424242424242,0,0.8939393939393939,0
0.8636363636363636,0,0.8484848484848485,0
0.9393939393939394,0.5079365079365079,0.8939393939393939,0.5203252032520326
0.9848484848484849,0,0.9848484848484849,0
0.7424242424242424,0,0.7424242424242424,0
0.9393939393939394,0,0.9393939393939394,0
0.8939393939393939,0,0.7727272727272727,0
0.8484848484848485,0,0.7727272727272727,0
0.8787878787878788,0,0.8787878787878788,0
0.7121212121212122,0,0.7121212121212122,0
0.9090909090909091,0.42857142857142855,0.9090909090909091,0.42857142857142855
0.9545454545454546,0,0.8333333333333334,0
0.9696969696969697,0,0.9696969696969697,0
0.8787878787878788,0,0.8636363636363636,0
0.9242424242424242,0,0.9242424242424242,0
1,0,0.9848484848484849,0
1,0,0.8787878787878788,0
1,0,1,0
0.803030303030303,0.018518518518518517,0.7727272727272727,0.019230769230769232
0.5909090909090909,0,0.5909090909090909,0
0.7575757575757576,0,0.7424242424242424,0
1,0,0.8939393939393939,0
0.6212121212121212,0,0.5454545454545454,0
0.8181818181818182,0,0.8181818181818182,0
0.48484848484848486,0,0.48484848484848486,0
0.9393939393939394,0,0.9393939393939394,0
0.9545454545454546,0,0.7121212121212122,0
0.9696969696969697,0,0.8939393939393939,0
0.4393939393939394,0,0.4393939393939394,0
0.8484848484848485,0.42857142857142855,0.8333333333333334,0.4329896907216495
0.8939393939393939,0,0.7121212121212122,0
0.9242424242424242,0,0.8484848484848485,0
0.8939393939393939,0,0.8939393939393939,0
0.9696969696969697,0,0.9393939393939394,0
0.9948453608247423,0.02030456852791878,0.9896907216494846,0.02040816326530612
0.9072164948453608,0,0.8608247422680413,0
0.7268041237113402,0,0.7268041237113402,0
0.9123711340206185,0,0.8865979381443299,0
0.9845360824742269,0,0.9587628865979382,0
0.788659793814433,0,0.6701030927835051,0
0.9175257731958762,0,0.8814432989690721,0
0.9896907216494846,0,0.9896907216494846,0
1,0,0.9175257731958762,0
0.9381443298969072,0,0.9381443298969072,0
0.9845360824742269,0,0.9226804123711341,0
0.9123711340206185,0,0.9020618556701031,0
1,0.005128205128205128,0.9484536082474226,0
0.4896907216494845,0,0.39690721649484534,0
0.9278350515463918,0,0.865979381443299,0
0.9845360824742269,0,0.6288659793814433,0
0.979381443298969,0,0.9484536082474226,0
0.6958762886597938,0,0.6391752577319587,0
0.9742268041237113,0,0.9432989690721649,0
1,0,0.9845360824742269,0
0.9948453608247423,0,0.9948453608247423,0
0.9948453608247423,0,0.9175257731958762,0
0.7216494845360825,0,0.634020618556701,0
1,0,0.7268041237113402,0
0.9845360824742269,0,0.8762886597938144,0
0.979381443298969,0,0.9432989690721649,0
1,0,0.9484536082474226,0
0.9896907216494846,0,0.9896907216494846,0
0.9175257731958762,0,0.6855670103092784,0
1,0.23622047244094488,0.979381443298969,0.24
0.9948453608247423,0,0.8865979381443299,0
0.7783505154639175,0,0.7731958762886598,0
0.9226804123711341,0,0.8814432989690721,0
0.865979381443299,0,0.8402061855670103,0
0.9536082474226805,0,0.9278350515463918,0
0.9948453608247423,0,0.6082474226804123,0
0.7474226804123711,0,0.35051546391752575,0
1,0,0.9948453608247423,0
0.9123711340206185,0,0.865979381443299,0
0.8969072164948454,0,0.6752577319587629,0
0.9948453608247423,0.18907563025210083,0.9536082474226805,0.1956521739130435
0.8814432989690721,0,0.8041237113402062,0
0.9381443298969072,0,0.9329896907216495,0
0.9020618556701031,0,0.8814432989690721,0
0.979381443298969,0,0.9020618556701031,0
0.6237113402061856,0,0.5670103092783505,0
0.9948453608247423,0,0.9484536082474226,0
0.8092783505154639,0,0.6958762886597938,0
0.9639175257731959,0,0.9329896907216495,0
1,0.11009174311926606,0.9690721649484536,0.10476190476190476
0.9175257731958762,0,0.8298969072164949,0
0.9432989690721649,0,0.9020618556701031,0
1,0,1,0
0.865979381443299,0,0.865979381443299,0
0.9896907216494846,0,0.979381443298969,0
0.9948453608247423,0,0.9639175257731959,0
0.7061855670103093,0,0.7061855670103093,0
0.9948453608247423,0,0.9432989690721649,0
1,0,0.9587628865979382,0
0.9639175257731959,0,0.8608247422680413,0
0.9948453608247423,0,0.9845360824742269,0
0.9175257731958762,0,0.9020618556701031,0
0.9845360824742269,0,0.9278350515463918,0
0.7783505154639175,0,0.7680412371134021,0
0.9484536082474226,0,0.8814432989690721,0
0.9948453608247423,0,0.8762886597938144,0
0.9896907216494846,0.06341463414634146,0.9896907216494846,0.06341463414634146
0.9329896907216495,0,0.9278350515463918,0
0.9896907216494846,0.189873417721519,0.9278350515463918,0.2
1,0,1,0
0.8711340206185567,0,0.8711340206185567,0
0.9742268041237113,0,0.9587628865979382,0
0.979381443298969,0,0.8711340206185567,0
0.9484536082474226,0,0.8247422680412371,0
0.9484536082474226,0,0.9381443298969072,0
0.8505154639175257,0,0.8505154639175257,0
0.9742268041237113,0,0.9742268041237113,0
0.9948453608247423,0,0.9381443298969072,0
0.9381443298969072,0,0.9381443298969072,0
0.9484536082474226,0,0.9072164948453608,0
0.9690721649484536,0,0.9587628865979382,0
0.9896907216494846,0,0.9896907216494846,0
0.9587628865979382,0,0.8298969072164949,0
1,0,1,0
0.8969072164948454,0,0.8762886597938144,0
0.7525773195876289,0,0.7525773195876289,0
0.8969072164948454,0,0.8814432989690721,0
1,0,0.9432989690721649,0
0.7010309278350515,0,0.634020618556701,0
0.9587628865979382,0,0.9484536082474226,0
0.5721649484536082,0,0.5721649484536082,0
0.9896907216494846,0,0.9896907216494846,0
0.9639175257731959,0,0.6597938144329897,0
0.9742268041237113,0,0.9484536082474226,0
0.654639175257732,0,0.654639175257732,0
0.9690721649484536,0,0.9175257731958762,0
0.9587628865979382,0,0.8144329896907216,0
0.9639175257731959,0,0.9484536082474226,0
0.9742268041237113,0,0.9742268041237113,0
0.979381443298969,0,0.9432989690721649,0
1,0.0056657223796034,0.9829059829059829,0.005763688760806916
0.8945868945868946,0,0.886039886039886,0
0.9116809116809117,0,0.8831908831908832,0
0.9772079772079773,0,0.9515669515669516,0
1,0,0.9629629629629629,0
0.7378917378917379,0,0.6324786324786325,0
0.9116809116809117,0,0.8461538461538461,0
1,0,0.9943019943019943,0
1,0,0.6182336182336182,0
0.9886039886039886,0,0.9430199430199431,0
1,0,0.6837606837606838,0
0.8917378917378918,0,0.8831908831908832,0
1,0,0.8319088319088319,0
0.603988603988604,0.0319634703196347,0.38461538461538464,0.04929577464788732
1,0,0.8831908831908832,0
1,0,0.6011396011396012,0
0.9886039886039886,0,0.9658119658119658,0
0.7236467236467237,0,0.6011396011396012,0
0.9886039886039886,0,0.9743589743589743,0
1,0,0.9772079772079773,0
1,0,0.9943019943019943,0
1,0,0.8746438746438746,0
0.6267806267806267,0,0.5441595441595442,0
1,0,0.9259259259259259,0
1,0,0.9002849002849003,0
0.9857549857549858,0,0.9658119658119658,0
0.6125356125356125,0,0.584045584045584,0
1,0,0.8461538461538461,0
0.98005698005698,0,0.6951566951566952,0
1,0,0.9914529914529915,0
1,0,0.9202279202279202,0
0.9031339031339032,0,0.8005698005698005,0
0.9544159544159544,0,0.905982905982906,0
0.8461538461538461,0,0.6410256410256411,0
0.9572649572649573,0,0.9458689458689459,0
1,0,0.5612535612535613,0
0.8774928774928775,0,0.8034188034188035,0
0.9487179487179487,0.04310344827586207,0.9173789173789174,0.04451038575667656
0.98005698005698,0,0.9031339031339032,0
0.9373219373219374,0,0.7264957264957265,0
1,0.01680672268907563,0.8632478632478633,0.019417475728155338
0.9743589743589743,0.0681198910081744,0.8319088319088319,0.023411371237458192
0.9715099715099715,0,0.9572649572649573,0
0.9629629629629629,0,0.886039886039886,0
0.9914529914529915,0,0.8746438746438746,0
0.6410256410256411,0,0.6182336182336182,0
1,0,0.9658119658119658,0
0.9544159544159544,0,0.8404558404558404,0
0.9886039886039886,0,0.9686609686609686,0
1,0.022284122562674095,0.9316239316239316,0.023880597014925373
0.9287749287749287,0,0.8376068376068376,0
0.9743589743589743,0,0.8974358974358975,0
1,0,0.98005698005698,0
1,0,0.8148148148148148,0
0.9943019943019943,0,0.9857549857549858,0
0.9971509971509972,0,0.9715099715099715,0
0.7777777777777778,0,0.7435897435897436,0
0.9458689458689459,0,0.905982905982906,0
0.9943019943019943,0,0.9601139601139601,0
0.9971509971509972,0,0.9401709401709402,0
1,0,0.9857549857549858,0
0.9686609686609686,0,0.9487179487179487,0
1,0,0.9629629629629629,0
0.811965811965812,0,0.5982905982905983,0
0.9202279202279202,0,0.8974358974358975,0
0.9743589743589743,0,0.8603988603988604,0
0.9686609686609686,0.014492753623188406,0.9572649572649573,0.01466275659824047
0.9515669515669516,0,0.9401709401709402,0
1,0.022284122562674095,0.9572649572649573,0.023255813953488372
1,0,1,0
0.8262108262108262,0,0.8262108262108262,0
0.9914529914529915,0,0.98005698005698,0
0.9971509971509972,0,0.8803418803418803,0
0.9914529914529915,0,0.8888888888888888,0
0.9658119658119658,0,0.9515669515669516,0
0.9658119658119658,0,0.9401709401709402,0
0.9914529914529915,0,0.9914529914529915,0
0.9772079772079773,0,0.8547008547008547,0
1,0.07874015748031496,0.9515669515669516,0.045714285714285714
0.9772079772079773,0,0.9601139601139601,0
1,0,0.9857549857549858,0
0.9914529914529915,0,0.9743589743589743,0
0.9971509971509972,0.0223463687150838,0.886039886039886,0.025078369905956112
1,0,1,0
0.8888888888888888,0,0.8774928774928775,0
0.7321937321937322,0,0.7321937321937322,0
0.8831908831908832,0,0.8746438746438746,0
1,0,0.9202279202279202,0
0.6695156695156695,0,0.6438746438746439,0
0.9829059829059829,0,0.9772079772079773,0
0.5242165242165242,0,0.5242165242165242,0
1,0,1,0
1,0,0.6780626780626781,0
0.9829059829059829,0,0.9686609686609686,0
0.5470085470085471,0,0.48717948717948717,0
0.9772079772079773,0.02556818181818182,0.9145299145299145,0.02727272727272727
0.9772079772079773,0,0.8034188034188035,0
1,0,0.886039886039886,0
0.9943019943019943,0,0.9943019943019943,0
0.98005698005698,0,0.9430199430199431,0
1,0,1,0
1,0,1,0
1,0,1,0
1,0.7623762376237624,0.9583333333333334,0.77
1,0,0.9583333333333334,0
1,0,1,0
1,0,0.9166666666666666,0
1,0,1,0
1,0,1,0
1,0,1,0
1,0,1,0
1,0,1,0
1,0,0.9583333333333334,0
1,0,1,0
1,0,0.9583333333333334,0
1,0,0.9583333333333334,0
1,0,1,0
1,0.04,1,0
0.9583333333333334,0,0.9583333333333334,0
1,0,1,0
1,0,1,0
1,0,1,0
1,0,0.8333333333333334,0
1,0,1,0
1,0,1,0
1,0,1,0
1,0,0.9583333333333334,0
1,0,1,0
1,0,0.9166666666666666,0
1,0,1,0
1,0,1,0
1,0,1,0
1,0,1,0
1,0,0.9166666666666666,0
1,0,1,0
1,0,0.9583333333333334,0
1,0,1,0
1,0,1,0
1,0,1,0
1,0,1,0
1,0,1,0
1,0,1,0
1,0,1,0
1,0,1,0
1,0,0.9583333333333334,0
0.9583333333333334,0,0.9166666666666666,0
1,0,1,0
1,0,1,0
1,0,1,0
1,0,1,0
1,0,1,0
1,0,0.875,0
1,0,0.875,0
1,0,1,0
1,0,1,0
1,0,0.8333333333333334,0
1,0,1,0
1,0,1,0
1,0,1,0
1,0,1,0
1,0,1,0
1,0,1,0
1,0,1,0
1,0,1,0
1,0,0.9166666666666666,0
1,0,1,0
1,0,1,0
1,0,1,0
1,0,1,0
1,0,1,0
1,0,1,0
1,0,1,0
1,0,1,0
1,0,1,0
1,0,1,0
1,0,1,0
1,0,1,0
1,0,1,0
1,0,1,0
1,0,1,0
1,0,1,0
1,0,1,0
1,0,1,0
1,0,1,0
1,0,1,0
1,0,0.9583333333333334,0
1,0,1,0
1,0,0.9583333333333334,0
1,0,0.9583333333333334,0
1,0,0.9583333333333334,0
1,0,1,0
1,0,1,0
1,0,0.875,0
1,0,1,0
1,0,1,0
1,0,1,0
1,0,1,0
1,0,0.9583333333333334,0
1,0,1,0
1,0,0.9583333333333334,0
1,0,1,0
1,0,1,0
1,0,1,0
1,0,0.8571428571428571,0
1,0,1,0
1,0,1,0
1,0,0.8571428571428571,0
1,0,1,0
1,0,1,0
1,0,0.9714285714285714,0
1,0,0.9714285714285714,0
1,0,0.9714285714285714,0
1,0,1,0
1,0,1,0
1,0,1,0
1,0,1,0
1,0,1,0
1,0,1,0
1,0,0.9714285714285714,0
1,0,1,0
1,0,1,0
1,0,1,0
1,0,0.7428571428571429,0
1,0,1,0
1,0,1,0
1,0,0.9714285714285714,0
1,0,0.9714285714285714,0
1,0,1,0
1,0,0.9714285714285714,0
1,0,1,0
1,0,1,0
1,0,0.9714285714285714,0
1,0,1,0
1,0,0.9428571428571428,0
1,0,1,0
1,0,1,0
1,0,1,0
1,0,1,0
1,0,1,0
1,0,1,0
1,0,1,0
1,0,1,0
1,0,1,0
1,0,1,0
1,0,0.9428571428571428,0
0.9428571428571428,0,0.9428571428571428,0
1,0,1,0
1,0,0.9714285714285714,0
1,0,1,0
1,0.2391304347826087,1,0
1,0,1,0
1,0,0.8,0
1,0,0.9714285714285714,0
1,0,1,0
1,0,0.9714285714285714,0
1,0,0.8285714285714286,0
1,0,1,0
1,0,0.9714285714285714,0
1,0,0.9142857142857143,0
1,0,1,0
1,0,1,0
1,0,1,0
1,0,1,0
1,0,1,0
1,0,1,0
1,0,0.9428571428571428,0
1,0,1,0
1,0,0.9714285714285714,0
1,0,1,0
1,0,1,0
1,0,1,0
1,0,1,0
1,0,1,0
1,0,0.9714285714285714,0
1,0,0.9714285714285714,0
1,0,1,0
1,0,1,0
1,0,1,0
1,0,1,0
1,0,1,0
1,0,1,0
1,0,1,0
1,0,1,0
1,0,1,0
1,0,0.9428571428571428,0
1,0,1,0
1,0,1,0
1,0,0.9714285714285714,0
1,0,0.9714285714285714,0
1,0,0.9714285714285714,0
1,0,1,0
1,0,1,0
1,0,1,0
1,0,1,0
1,0,1,0
1,0,1,0
1,0,1,0
1,0,0.9714285714285714,0
1,0,1,0
1,0,0.9428571428571428,0
1,0,1,0
1,0,0.9848484848484849,0
1,0,0.9848484848484849,0
1,0,0.9545454545454546,0
1,0,0.9696969696969697,0
1,0,0.9848484848484849,0
0.9848484848484849,0,0.7272727272727273,0
1,0,1,0
1,0,0.9090909090909091,0
1,0,0.9090909090909091,0
1,0,0.9090909090909091,0
1,0,0.9545454545454546,0
1,0,1,0
1,0,0.9848484848484849,0
1,0,0.9848484848484849,0
1,0,0.9393939393939394,0
1,0,1,0
1,0,1,0
1,0,0.7878787878787878,0
0.9848484848484849,0,0.9696969696969697,0
1,0,0.9545454545454546,0
1,0,0.9393939393939394,0
1,0,0.696969696969697,0
0.9848484848484849,0,0.9848484848484849,0
1,0,1,0
1,0,0.9242424242424242,0
1,0,0.9545454545454546,0
1,0,1,0
1,0,0.8939393939393939,0
1,0,0.9696969696969697,0
1,0,1,0
1,0,1,0
1,0,0.9848484848484849,0
1,0,0.696969696969697,0
1,0,1,0
1,0,0.9848484848484849,0
1,0,1,0
1,0,1,0
1,0,0.9696969696969697,0
1,0,0.9696969696969697,0
1,0,0.9393939393939394,0
1,0,0.9696969696969697,0
1,0,1,0
1,0,0.9848484848484849,0
1,0,0.8181818181818182,0
0.9848484848484849,0,0.8181818181818182,0
0.9848484848484849,0,0.9545454545454546,0
1,0,0.9393939393939394,0
1,0,1,0
1,0,1,0
1,0,0.9848484848484849,0
1,0,0.8939393939393939,0
1,0.13157894736842105,0.8333333333333334,0.15384615384615385
1,0,0.9696969696969697,0
1,0,0.9696969696969697,0
1,0,0.7727272727272727,0
1,0,1,0
1,0,0.9545454545454546,0
1,0,0.9242424242424242,0
1,0,1,0
1,0,0.9696969696969697,0
1,0,1,0
1,0,1,0
1,0,0.9545454545454546,0
1,0,1,0
1,0,0.9848484848484849,0
1,0,1,0
1,0,0.9545454545454546,0
1,0,1,0
1,0,0.7727272727272727,0
1,0,1,0
1,0,1,0
1,0.05714285714285714,0.9696969696969697,0
1,0,0.9848484848484849,0
1,0,0.9696969696969697,0
1,0,1,0
1,0,0.9545454545454546,0
1,0,1,0
1,0,0.9696969696969697,0
0.9848484848484849,0,0.9848484848484849,0
1,0,0.9545454545454546,0
1,0.014925373134328358,0.8484848484848485,0
1,0,0.9848484848484849,0
1,0,1,0
1,0,0.9242424242424242,0
1,0,0.9242424242424242,0
1,0.3465346534653465,1,0.3465346534653465
1,0,0.8484848484848485,0
1,0,0.9848484848484849,0
1,0,0.9090909090909091,0
1,0,0.9696969696969697,0
1,0,0.8787878787878788,0
1,0,0.9242424242424242,0
1,0,0.9696969696969697,0
1,0,0.9848484848484849,0
1,0,0.9696969696969697,0
1,0,0.9393939393939394,0
1,0,0.9696969696969697,0
1,0,0.9848484848484849,0
1,0.014925373134328358,0.9545454545454546,0
1,0,1,0
1,0,0.9948453608247423,0
1,0,1,0
1,0.20164609053497942,0.9587628865979382,0.20851063829787234
1,0,0.9587628865979382,0
1,0,0.9587628865979382,0
1,0,0.8195876288659794,0
1,0,1,0
1,0,0.9484536082474226,0
0.9948453608247423,0,0.9536082474226805,0
1,0,0.9484536082474226,0
1,0,0.979381443298969,0
1,0,0.9948453608247423,0
1,0,0.9896907216494846,0
1,0,0.9948453608247423,0
1,0,0.9742268041237113,0
1,0,1,0
1,0,0.9896907216494846,0
0.9896907216494846,0,0.979381443298969,0
1,0,0.9948453608247423,0
1,0,0.9948453608247423,0
1,0,0.9690721649484536,0
1,0,0.7061855670103093,0
1,0,1,0
1,0,1,0
1,0,1,0
1,0,0.9948453608247423,0
1,0,0.9948453608247423,0
0.9896907216494846,0,0.9020618556701031,0
1,0,0.9948453608247423,0
1,0,1,0
1,0,0.9896907216494846,0
1,0,0.9948453608247423,0
1,0,0.8247422680412371,0
1,0,1,0
1,0,0.9948453608247423,0
1,0,1,0
1,0,0.9896907216494846,0
1,0,0.9896907216494846,0
1,0.005128205128205128,0.9845360824742269,0.005208333333333333
1,0,0.9896907216494846,0
1,0,0.9536082474226805,0
1,0,0.9896907216494846,0
1,0,1,0
1,0,0.9020618556701031,0
0.9948453608247423,0,0.8092783505154639,0
0.9948453608247423,0,0.9742268041237113,0
1,0,0.9896907216494846,0
1,0.01020408163265306,0.9948453608247423,0.010256410256410256
1,0.039603960396039604,1,0
1,0,0.9948453608247423,0
1,0,0.9226804123711341,0
1,0,0.9123711340206185,0
1,0,0.979381443298969,0
1,0,0.9845360824742269,0
1,0,0.8350515463917526,0
1,0,0.9948453608247423,0
1,0,0.9845360824742269,0
1,0,0.9639175257731959,0
1,0,0.9948453608247423,0
1,0,0.9948453608247423,0
1,0,1,0
1,0,1,0
1,0,0.9948453608247423,0
1,0,1,0
1,0,0.9948453608247423,0
1,0,1,0
1,0,0.9072164948453608,0
1,0,1,0
1,0,0.9123711340206185,0
1,0.02512562814070352,0.9948453608247423,0.025252525252525252
1,0,1,0
1,0,1,0
1,0,0.9845360824742269,0
1,0,0.9896907216494846,0
1,0,1,0
1,0,0.9845360824742269,0
1,0,0.9948453608247423,0
1,0,1,0
1,0,0.9742268041237113,0
1,0,0.9587628865979382,0
1,0.03482587064676617,0.9278350515463918,0
1,0,0.8865979381443299,0
1,0,1,0
1,0,0.9536082474226805,0
1,0,0.9278350515463918,0
1,0.09767441860465116,1,0.09767441860465116
1,0,0.9432989690721649,0
1,0,0.9948453608247423,0
1,0,0.9845360824742269,0
1,0,0.9536082474226805,0
1,0,0.9020618556701031,0
1,0,0.9536082474226805,0
1,0,0.9948453608247423,0
1,0,1,0
1,0,0.9845360824742269,0
1,0,0.9845360824742269,0
1,0,0.9742268041237113,0
1,0,0.9896907216494846,0
1,0.005128205128205128,0.9742268041237113,0
1,0,1,0
1,0,1,0
1,0,0.9971509971509972,0
1,0,0.9772079772079773,0
1,0,0.9373219373219374,0
1,0,0.9601139601139601,0
1,0.0056657223796034,0.8347578347578347,0
1,0,0.9971509971509972,0
1,0,0.6153846153846154,0
1,0,0.9715099715099715,0
0.9943019943019943,0.022408963585434174,0.8974358974358975,0.021739130434782608
1,0,0.9943019943019943,0
1,0,0.6780626780626781,0
1,0,0.9886039886039886,0
1,0,0.9572649572649573,0
1,0,0.9686609686609686,0
1,0,0.9943019943019943,0
1,0,0.9601139601139601,0
1,0,0.8632478632478633,0
1,0.06896551724137931,1,0.025
1,0,0.9829059829059829,0
1,0,0.8831908831908832,0
1,0,0.9829059829059829,0
1,0,1,0
1,0,0.9943019943019943,0
1,0,0.9772079772079773,0
1,0,0.9088319088319088,0
1,0,1,0
1,0,0.8917378917378918,0
1,0,0.9857549857549858,0
1,0,1,0
1,0,0.9829059829059829,0
1,0,0.98005698005698,0
1,0,0.8176638176638177,0
1,0,1,0
1,0,0.9971509971509972,0
1,0,1,0
1,0,1,0
1,0,0.9886039886039886,0
1,0.011267605633802818,0.9772079772079773,0.011527377521613832
1,0,0.9886039886039886,0
1,0,0.9316239316239316,0
1,0,0.9857549857549858,0
1,0,0.9458689458689459,0
1,0,0.9202279202279202,0
1,0,0.9658119658119658,0
1,0,0.9886039886039886,0
1,0,0.9829059829059829,0
1,0.01680672268907563,0.9971509971509972,0.016853932584269662
1,0.002840909090909091,0.9943019943019943,0
1,0,0.9971509971509972,0
1,0,0.9031339031339032,0
1,0.0056657223796034,0.9373219373219374,0.006042296072507553
1,0,0.9658119658119658,0
1,0,0.9658119658119658,0
1,0,0.8233618233618234,0
1,0,0.9943019943019943,0
1,0,0.9914529914529915,0
1,0,1,0
1,0,1,0
1,0,0.9886039886039886,0
1,0,0.9173789173789174,0
1,0,1,0
1,0,1,0
1,0.064,0.9544159544159544,0.05099150141643059
1,0,0.9943019943019943,0
1,0,1,0
1,0,0.9116809116809117,0
1,0,1,0
1,0.07142857142857142,0.9202279202279202,0.04154302670623145
1,0.011267605633802818,1,0.011267605633802818
1,0,1,0
1,0,0.9971509971509972,0
1,0,0.9857549857549858,0
1,0,0.9914529914529915,0
1,0,1,0
1,0,0.9772079772079773,0
1,0,0.9971509971509972,0
1,0,0.9943019943019943,0
1,0.08115183246073299,0.9971509971509972,0.07161803713527852
1,0,0.9230769230769231,0
1,0,0.9116809116809117,0
1,0,0.8717948717948718,0
1,0,1,0
1,0,0.9515669515669516,0
1,0,0.8974358974358975,0
1,0.01680672268907563,1,0.01680672268907563
1,0,0.9316239316239316,0
1,0,0.9829059829059829,0
1,0,0.9658119658119658,0
1,0,1,0
1,0,0.9430199430199431,0
1,0,0.9601139601139601,0
1,0,0.9886039886039886,0
1,0,1,0
1,0,0.98005698005698,0
1,0,0.9629629629629629,0
1,0.002840909090909091,0.9686609686609686,0
1,0,0.9971509971509972,0
1,0,0.9857549857549858,0
1,0.4146341463414634,1,0
1,0,1,0
1,0,1,0
1,0,1,0
1,0,0.9166666666666666,0
1,0,1,0
1,0,1,0
1,0,1,0
1,0,0.9583333333333334,0
1,0,1,0
1,0,0.9583333333333334,0
1,0,0.9583333333333334,0
1,0,1,0
1,0,1,0
1,0,1,0
1,0,1,0
1,0,1,0
1,0.04,1,0
1,0,0.9583333333333334,0
1,0,1,0
1,0,1,0
1,0,1,0
1,0,1,0
1,0.04,1,0
1,0,1,0
1,0,1,0
1,0,0.9583333333333334,0
1,0,1,0
1,0,1,0
1,0,1,0
1,0,1,0
1,0,1,0
1,0,1,0
1,0,1,0
1,0,1,0
1,0,1,0
1,0,1,0
1,0,1,0
1,0,1,0
1,0,1,0
1,0,1,0
1,0,1,0
1,0,1,0
1,0,1,0
1,0,0.9583333333333334,0
1,0,1,0
1,0,1,0
1,0,1,0
1,0,0.9166666666666666,0
1,0,1,0
1,0,1,0
1,0,1,0
1,0,1,0
1,0.25,1,0
1,0,1,0
1,0,1,0
1,0,1,0
1,0,1,0
1,0,1,0
1,0,1,0
1,0,1,0
1,0,0.9166666666666666,0
1,0,1,0
1,0,1,0
1,0,1,0
1,0,0.9583333333333334,0
1,0,1,0
1,0,1,0
1,0,1,0
1,0,1,0
1,0,1,0
1,0,1,0
1,0,1,0
1,0,1,0
1,0,1,0
1,0.7272727272727273,1,0
1,0,1,0
1,0,1,0
1,0,0.9583333333333334,0
1,0,1,0
1,0,0.9583333333333334,0
1,0,1,0
1,0,1,0
1,0,1,0
1,0,1,0
1,0,1,0
1,0,1,0
1,0,1,0
1,0,0.9583333333333334,0
1,0,1,0
1,0,1,0
1,0,1,0
1,0,1,0
1,0,1,0
1,0,0.9583333333333334,0
1,0,1,0
1,0,1,0
1,0,0.9583333333333334,0
1,0,1,0
1,0,1,0
1,0.3137254901960784,1,0
1,0,1,0
1,0,1,0
1,0,0.9714285714285714,0
1,0,0.9714285714285714,0
1,0,1,0
1,0,1,0
1,0,1,0
1,0,1,0
1,0,1,0
1,0,0.9428571428571428,0
1,0,1,0
1,0,0.9714285714285714,0
1,0,1,0
1,0,0.9714285714285714,0
1,0,1,0
1,0,1,0
1,0,1,0
1,0,0.9428571428571428,0
1,0,0.9714285714285714,0
1,0,1,0
1,0,1,0
1,0,1,0
1,0.027777777777777776,1,0
1,0,1,0
1,0,1,0
1,0,1,0
1,0,0.9714285714285714,0
1,0,1,0
1,0,1,0
1,0,1,0
1,0,1,0
1,0,1,0
1,0,1,0
1,0,1,0
1,0,1,0
1,0,1,0
1,0,0.9714285714285714,0
1,0,1,0
1,0,1,0
1,0,1,0
1,0,1,0
1,0,1,0
1,0,1,0
1,0,0.9714285714285714,0
1,0,1,0
1,0.05405405405405406,1,0
1,0,1,0
1,0,1,0
1,0,1,0
1,0,1,0
1,0,1,0
1,0,0.9714285714285714,0
1,0.125,1,0
1,0,1,0
1,0.027777777777777776,0.9428571428571428,0
1,0,0.9714285714285714,0
1,0,1,0
1,0,1,0
1,0,1,0
1,0,1,0
1,0,0.9142857142857143,0
1,0,1,0
1,0,1,0
1,0,1,0
1,0,1,0
1,0,1,0
1,0,1,0
1,0,1,0
1,0,1,0
1,0,1,0
1,0,1,0
1,0,1,0
1,0,1,0
1,0,1,0
1,0.6391752577319587,1,0
1,0,1,0
1,0,1,0
1,0,0.8857142857142857,0
1,0,1,0
1,0,0.9428571428571428,0
1,0,1,0
1,0,1,0
1,0,0.9714285714285714,0
1,0,1,0
1,0,0.9714285714285714,0
1,0,1,0
1,0,1,0
1,0,1,0
1,0,1,0
1,0,1,0
1,0,1,0
1,0,1,0
1,0,1,0
1,0,0.9714285714285714,0
1,0,1,0
1,0,1,0
1,0,1,0
1,0,0.9428571428571428,0
1,0,1,0
1,0.043478260869565216,0.8636363636363636,0
1,0,1,0
1,0,1,0
1,0,0.9090909090909091,0
1,0,1,0
1,0,0.9545454545454546,0
1,0,0.9545454545454546,0
1,0,1,0
1,0,0.9848484848484849,0
1,0,0.9848484848484849,0
1,0,0.9696969696969697,0
1,0,0.9545454545454546,0
1,0,0.9848484848484849,0
1,0.5,1,0.5
1,0,1,0
1,0,0.9242424242424242,0
1,0,0.9848484848484849,0
1,0,0.9848484848484849,0
1,0,0.9393939393939394,0
1,0,0.9848484848484849,0
1,0,1,0
1,0,0.9090909090909091,0
1,0.014925373134328358,0.9848484848484849,0
1,0.014925373134328358,0.9696969696969697,0
1,0,1,0
1,0,0.9848484848484849,0
1,0,1,0
1,0,1,0
1,0,1,0
1,0,0.9848484848484849,0
1,0,1,0
1,0,0.9696969696969697,0
1,0,0.9090909090909091,0
1,0,1,0
1,0,1,0
1,0,0.9848484848484849,0
1,0,0.9848484848484849,0
1,0,0.9848484848484849,0
1,0,0.9848484848484849,0
1,0,1,0
1,0,0.9848484848484849,0
1,0,0.9848484848484849,0
1,0,1,0
1,0,0.9848484848484849,0
1,0,0.8939393939393939,0
1,0,1,0
1,0.014925373134328358,0.9393939393939394,0
1,0,1,0
1,0,0.9090909090909091,0
1,0,0.9393939393939394,0
1,0,1,0
1,0,0.9848484848484849,0
1,0,1,0
1,0.05714285714285714,0.9545454545454546,0
1,0,1,0
1,0.029411764705882353,0.7878787878787878,0
1,0,0.9545454545454546,0
1,0,1,0
1,0,1,0
1,0,0.9848484848484849,0
1,0,0.9696969696969697,0
1,0,0.8181818181818182,0
1,0,0.9848484848484849,0
1,0,1,0
1,0,0.9848484848484849,0
1,0,1,0
1,0,1,0
1,0,0.9696969696969697,0
1,0,1,0
1,0,0.8787878787878788,0
1,0,1,0
1,0,0.9848484848484849,0
1,0,1,0
1,0,0.9696969696969697,0
1,0,0.9696969696969697,0
1,0.3944954128440367,0.9696969696969697,0
1,0,1,0
1,0,1,0
1,0,0.9545454545454546,0
1,0,1,0
1,0,1,0
1,0,0.9848484848484849,0
1,0,0.9848484848484849,0
1,0,1,0
1,0,0.9696969696969697,0
1,0,0.9696969696969697,0
1,0,1,0
1,0,1,0
1,0,0.9848484848484849,0
1,0,1,0
1,0,0.9848484848484849,0
1,0,1,0
1,0,1,0
1,0,0.9848484848484849,0
1,0,0.8787878787878788,0
1,0,1,0
1,0,0.9848484848484849,0
1,0,0.9545454545454546,0
1,0,0.9696969696969697,0
1,0,0.9696969696969697,0
1,0,0.979381443298969,0
1,0,1,0
1,0,1,0
1,0,0.9381443298969072,0
1,0,0.9948453608247423,0
1,0,0.9690721649484536,0
1,0,0.9742268041237113,0
1,0,0.9896907216494846,0
1,0,1,0
1,0,0.9381443298969072,0
1,0,0.9845360824742269,0
1,0,0.9536082474226805,0
1,0,0.9896907216494846,0
1,0.18487394957983194,1,0.18487394957983194
1,0,0.9948453608247423,0
1,0,1,0
1,0,0.9896907216494846,0
1,0,1,0
1,0,0.9639175257731959,0
1,0,0.9948453608247423,0
1,0,1,0
1,0,0.9742268041237113,0
1,0.005128205128205128,0.9948453608247423,0
1,0,0.9948453608247423,0
1,0,1,0
1,0,1,0
1,0,1,0
1,0,0.9948453608247423,0
1,0,0.9896907216494846,0
1,0,0.979381443298969,0
1,0,0.9948453608247423,0
1,0,0.9948453608247423,0
1,0,0.979381443298969,0
1,0,1,0
1,0,0.9896907216494846,0
1,0,0.9948453608247423,0
1,0,1,0
1,0,0.9948453608247423,0
1,0,0.9948453608247423,0
1,0,1,0
1,0,0.9896907216494846,0
1,0,0.9896907216494846,0
1,0,1,0
1,0,0.9639175257731959,0
1,0,0.9432989690721649,0
1,0,0.9896907216494846,0
1,0.005128205128205128,0.9845360824742269,0
1,0,1,0
1,0,1,0
1,0.005128205128205128,0.9587628865979382,0.0053475935828877
1,0,1,0
1,0,0.9948453608247423,0
0.9948453608247423,0,0.979381443298969,0
1,0.005128205128205128,0.9587628865979382,0
1,0,1,0
1,0,0.9226804123711341,0
1,0,0.9948453608247423,0
1,0,1,0
1,0,0.9948453608247423,0
1,0,1,0
1,0,1,0
1,0,0.8144329896907216,0
1,0,1,0
1,0,1,0
1,0,1,0
1,0,0.9948453608247423,0
1,0,1,0
1,0,0.9845360824742269,0
1,0,0.9742268041237113,0
1,0,0.9536082474226805,0
1,0,1,0
1,0,0.9896907216494846,0
1,0,1,0
1,0,0.9742268041237113,0
1,0,0.9948453608247423,0
1,0.0673076923076923,0.9845360824742269,0
1,0,1,0
1,0,1,0
1,0,0.9896907216494846,0
1,0,1,0
1,0,1,0
1,0,0.9948453608247423,0
1,0,1,0
1,0,0.9948453608247423,0
1,0,0.9536082474226805,0
1,0,0.9742268041237113,0
1,0,1,0
1,0,0.979381443298969,0
1,0,1,0
1,0,0.9948453608247423,0
1,0,0.9948453608247423,0
1,0,1,0
1,0,1,0
1,0,1,0
1,0,0.9381443298969072,0
1,0,0.9896907216494846,0
1,0,1,0
1,0,0.9845360824742269,0
1,0,1,0
1,0,0.9896907216494846,0
1,0,0.9772079772079773,0
1,0,0.9971509971509972,0
1,0,1,0
1,0,0.8547008547008547,0
1,0,0.9658119658119658,0
1,0,0.9686609686609686,0
1,0,1,0
1,0,0.9971509971509972,0
1,0,0.9857549857549858,0
1,0,0.9344729344729344,0
1,0,0.9829059829059829,0
1,0,0.9515669515669516,0
1,0,0.9857549857549858,0
1,0.022284122562674095,1,0.022284122562674095
1,0,0.9943019943019943,0
1,0,0.9914529914529915,0
1,0,0.9829059829059829,0
1,0,0.9971509971509972,0
1,0,0.8888888888888888,0
1,0,0.9715099715099715,0
1,0,0.9943019943019943,0
1,0,0.9743589743589743,0
1,0,0.9173789173789174,0
1,0,0.9886039886039886,0
1,0,1,0
1,0,0.9943019943019943,0
1,0,0.9943019943019943,0
1,0,0.9971509971509972,0
1,0,0.9316239316239316,0
1,0,1,0
1,0,0.9971509971509972,0
1,0,0.9914529914529915,0
1,0,0.9715099715099715,0
1,0,0.9971509971509972,0
1,0,1,0
1,0,0.9943019943019943,0
1,0,0.9914529914529915,0
1,0,0.9686609686609686,0
1,0,0.9943019943019943,0
1,0,1,0
1,0,0.9857549857549858,0
1,0,0.98005698005698,0
1,0,1,0
1,0,0.9914529914529915,0
1,0,0.8774928774928775,0
1,0,0.9886039886039886,0
1,0,0.9886039886039886,0
1,0,0.9914529914529915,0
1,0,0.9031339031339032,0
1,0,0.9515669515669516,0
1,0,1,0
1,0,0.9943019943019943,0
1,0,0.9658119658119658,0
1,0,0.9572649572649573,0
1,0,0.98005698005698,0
1,0,0.9173789173789174,0
1,0,0.9743589743589743,0
1,0,1,0
1,0,0.9971509971509972,0
1,0,0.9943019943019943,0
1,0,0.9344729344729344,0
1,0,0.8461538461538461,0
1,0,1,0
1,0,1,0
1,0,0.9914529914529915,0
1,0,0.9857549857549858,0
1,0,1,0
1,0,0.9886039886039886,0
1,0,0.9430199430199431,0
1,0,0.9487179487179487,0
1,0,1,0
1,0.022284122562674095,1,0.019553072625698324
1,0,0.9629629629629629,0
1,0,0.9715099715099715,0
1,0,0.9145299145299145,0
1,0,0.9715099715099715,0
1,0,0.9914529914529915,0
1,0,1,0
1,0,0.9544159544159544,0
1,0,1,0
1,0,1,0
1,0,0.9857549857549858,0
1,0,0.9943019943019943,0
1,0,0.9971509971509972,0
1,0,0.9544159544159544,0
1,0,0.9971509971509972,0
1,0,1,0
1,0,0.98005698005698,0
1,0,0.98005698005698,0
1,0,0.9943019943019943,0
1,0,0.9772079772079773,0
1,0,0.9971509971509972,0
1,0,0.9971509971509972,0
1,0,1,0
1,0,0.8632478632478633,0
1,0,0.9743589743589743,0
1,0,0.9914529914529915,0
1,0,0.9772079772079773,0
1,0,0.9857549857549858,0
1,0,0.9857549857549858,0
1,0,1,0
1,0,1,0
1,0.29411764705882354,1,0
1,0.1111111111111111,1,0
1,0,1,0
1,0,1,0
1,0,1,0
1,0,1,0
1,0,1,0
1,0,1,0
1,0.22580645161290322,1,0
1,0,1,0
1,0.04,1,0
1,0,1,0
1,0.2727272727272727,1,0
1,0,1,0
1,0,1,0
1,0.3142857142857143,1,0
1,0.14285714285714285,1,0
1,0,1,0
1,0,1,0
1,0,1,0
1,0,1,0
1,0,1,0
1,0,1,0
1,0,1,0
1,0,1,0
1,0,1,0
1,0,1,0
1,0,1,0
1,0,1,0
1,0.04,1,0
1,0,1,0
1,0,1,0
1,0.04,1,0
1,0,1,0
1,0,1,0
1,0,1,0
1,0.07692307692307693,1,0
1,0.29411764705882354,1,0
1,0,1,0
1,0,0.9583333333333334,0
1,0.07692307692307693,1,0
1,0,1,0
1,0,1,0
1,0,1,0
1,0,0.9583333333333334,0
1,0.2,1,0
1,0.22580645161290322,1,0
1,0,1,0
1,0,1,0
1,0,1,0
1,0,1,0
1,0,1,0
1,0,1,0
1,0,1,0
1,0,1,0
1,0,1,0
1,0,0.9583333333333334,0
1,0,1,0
1,0,1,0
1,0,1,0
1,0.14285714285714285,1,0
1,0,1,0
1,0.04,1,0
1,0.04,1,0
1,0,1,0
1,0,1,0
1,0.14285714285714285,1,0
1,0,1,0
1,0,1,0
1,0,1,0
1,0,1,0
1,0,1,0
1,0,1,0
1,0,1,0
1,0.07692307692307693,1,0
1,0,1,0
1,0,1,0
1,0,1,0
1,0.4782608695652174,1,0
1,0,1,0
1,0.07692307692307693,1,0
1,0.04,1,0
1,0.1111111111111111,1,0
1,0.2727272727272727,1,0
1,0,1,0
1,0,1,0
1,0,1,0
1,0,1,0
1,0,1,0
1,0.04,1,0
1,0.1111111111111111,1,0
1,0.5862068965517241,1,0
1,0,1,0
1,0,1,0
1,0,1,0
1,0,1,0
1,0,1,0
1,0,1,0
1,0,1,0
1,0,0.9714285714285714,0
1,0.10256410256410256,0.9428571428571428,0
1,0.027777777777777776,1,0
1,0,0.9714285714285714,0
1,0.3269230769230769,0.9714285714285714,0
1,0,1,0
1,0.10256410256410256,1,0
1,0,1,0
1,0,1,0
1,0.2222222222222222,1,0
1,0,1,0
1,0,1,0
1,0,1,0
1,0,1,0
1,0,1,0
1,0.027777777777777776,1,0
1,0.2222222222222222,1,0
1,0.10256410256410256,1,0
1,0,1,0
1,0.125,1,0.05405405405405406
1,0,1,0
1,0.027777777777777776,1,0
1,0,1,0
1,0,1,0
1,0,1,0
1,0,1,0
1,0,1,0
1,0,1,0
1,0.05405405405405406,1,0
1,0,1,0
1,0,1,0
1,0,1,0
1,0,0.9714285714285714,0
1,0.07894736842105263,0.9714285714285714,0
1,0,1,0
1,0.10256410256410256,1,0
1,0,1,0
1,0.05405405405405406,1,0
1,0.20454545454545456,1,0
1,0,1,0
1,0,1,0
1,0.07894736842105263,1,0
1,0.027777777777777776,1,0
1,0,1,0
1,0,1,0
1,0,0.9142857142857143,0
1,0.33962264150943394,1,0
1,0.18604651162790697,1,0
1,0,1,0
1,0,0.9428571428571428,0
1,0,1,0
1,0,1,0
1,0,1,0
1,0,1,0
1,0,1,0
1,0,1,0
1,0,1,0
1,0,0.9714285714285714,0
1,0,1,0
1,0,1,0
1,0,1,0
1,0.125,1,0
1,0,1,0
1,0.05405405405405406,1,0
1,0.027777777777777776,1,0
1,0,1,0
1,0.07894736842105263,1,0
1,0.07894736842105263,1,0
1,0,1,0
1,0,1,0
1,0,1,0
1,0,1,0
1,0,1,0
1,0,1,0
1,0,1,0
1,0.05405405405405406,1,0
1,0,1,0
1,0.2857142857142857,1,0
1,0,1,0
1,0.4166666666666667,1,0
1,0,1,0
1,0,1,0
1,0,1,0
1,0.027777777777777776,1,0
1,0.16666666666666666,0.9714285714285714,0
1,0,0.9714285714285714,0
1,0,1,0
1,0.027777777777777776,0.9714285714285714,0
1,0,1,0
1,0,1,0
1,0.05405405405405406,1,0
1,0.07894736842105263,1,0
1,0.10256410256410256,1,0
1,0,1,0
1,0,1,0
1,0,1,0
1,0,1,0
1,0,1,0
1,0,1,0
1,0,0.9848484848484849,0
1,0,0.9242424242424242,0
1,0.07042253521126761,1,0
1,0,1,0
1,0,0.9696969696969697,0
1,0,0.9242424242424242,0
1,0,0.9848484848484849,0
1,0,1,0
1,0,1,0
1,0,1,0
1,0.08333333333333333,0.9696969696969697,0
1,0,1,0
1,0.029411764705882353,0.9696969696969697,0.030303030303030304
1,0,0.9393939393939394,0
1,0.029411764705882353,1,0
1,0,0.9090909090909091,0
1,0,1,0
1,0.08333333333333333,0.9545454545454546,0
1,0,0.9848484848484849,0
1,0,1,0
1,0.07042253521126761,0.9848484848484849,0.04411764705882353
1,0,1,0
1,0,1,0
1,0,0.9848484848484849,0
1,0,1,0
1,0,1,0
1,0,1,0
1,0,1,0
1,0,0.9848484848484849,0
1,0,0.9696969696969697,0
1,0,1,0
1,0,1,0
1,0,0.9848484848484849,0
1,0,1,0
1,0,1,0
1,0,1,0
1,0,0.9090909090909091,0
1,0,1,0
1,0,1,0
1,0.0958904109589041,0.9848484848484849,0
1,0,1,0
1,0,0.9848484848484849,0
1,0.029411764705882353,0.9848484848484849,0
1,0,1,0
1,0,0.9545454545454546,0
1,0,0.9545454545454546,0
1,0,0.8787878787878788,0
1,0.07042253521126761,1,0
1,0.043478260869565216,0.9848484848484849,0
1,0,0.8787878787878788,0
1,0.014925373134328358,0.9696969696969697,0
1,0.014925373134328358,0.9696969696969697,0
1,0,0.9848484848484849,0
1,0,1,0
1,0,0.9545454545454546,0
1,0,1,0
1,0,1,0
1,0.014925373134328358,0.9545454545454546,0
1,0,0.9848484848484849,0
1,0,0.9848484848484849,0
1,0,0.9848484848484849,0
1,0,0.9848484848484849,0
1,0.029411764705882353,1,0
1,0,1,0
1,0.014925373134328358,1,0
1,0,0.9848484848484849,0
1,0,0.9848484848484849,0
1,0,0.9696969696969697,0
1,0.07042253521126761,0.9696969696969697,0
1,0,1,0
1,0,1,0
1,0,1,0
1,0,0.9848484848484849,0
1,0,0.9545454545454546,0
1,0,0.9848484848484849,0
1,0,1,0
1,0.029411764705882353,0.9848484848484849,0
1,0,0.9848484848484849,0
1,0,0.9696969696969697,0
1,0,0.9848484848484849,0
1,0.1951219512195122,0.9848484848484849,0
1,0,0.9696969696969697,0
1,0.029411764705882353,0.9545454545454546,0
1,0,0.9090909090909091,0
1,0.043478260869565216,0.8939393939393939,0
1,0.08333333333333333,0.9393939393939394,0
1,0,0.9545454545454546,0
1,0,0.9696969696969697,0
1,0.014925373134328358,1,0
1,0,0.9848484848484849,0
1,0,0.9848484848484849,0
1,0,1,0
1,0.043478260869565216,1,0
1,0.043478260869565216,0.9848484848484849,0
1,0,0.9393939393939394,0
1,0.014925373134328358,0.9393939393939394,0
1,0,0.9848484848484849,0
1,0,0.9848484848484849,0
1,0,1,0
1,0,0.9696969696969697,0
1,0,0.9690721649484536,0
1,0,0.9845360824742269,0
1,0.02512562814070352,0.9948453608247423,0
1,0,1,0
1,0,0.9845360824742269,0
1,0,0.9639175257731959,0
1,0,1,0
1,0,0.9948453608247423,0
1,0,1,0
1,0.005128205128205128,1,0
1,0.015228426395939087,0.979381443298969,0
1,0,0.9639175257731959,0
1,0.005128205128205128,1,0.005128205128205128
1,0,1,0
1,0,0.9896907216494846,0
1,0,1,0
1,0,0.9742268041237113,0
1,0.01020408163265306,0.9639175257731959,0
1,0.01020408163265306,1,0
1,0,0.9948453608247423,0
1,0,0.9948453608247423,0
1,0,1,0
1,0.005128205128205128,1,0
1,0,0.9948453608247423,0
1,0,1,0
1,0,1,0
1,0,0.9845360824742269,0
1,0.005128205128205128,1,0
1,0,0.9896907216494846,0
1,0,0.9896907216494846,0
1,0,1,0
1,0,1,0
1,0.005128205128205128,0.9948453608247423,0
1,0,0.9948453608247423,0
1,0,0.9896907216494846,0
1,0,1,0
1,0.01020408163265306,0.9845360824742269,0
1,0,1,0
1,0.005128205128205128,1,0
1,0.020202020202020204,0.9948453608247423,0
1,0.005128205128205128,0.9742268041237113,0
1,0,1,0
1,0.005128205128205128,1,0
1,0,0.9845360824742269,0
1,0,0.9690721649484536,0
1,0,0.9845360824742269,0
1,0,0.9432989690721649,0
1,0.015228426395939087,1,0
1,0.005128205128205128,1,0
1,0,0.9742268041237113,0
1,0,0.979381443298969,0
1,0,1,0
1,0,1,0
1,0,0.9948453608247423,0
1,0,0.9587628865979382,0
1,0,1,0
1,0,0.9845360824742269,0
1,0.005128205128205128,0.9639175257731959,0
1,0,0.9536082474226805,0
1,0,0.9896907216494846,0
1,0,0.9896907216494846,0
1,0,0.9948453608247423,0
1,0.01020408163265306,0.9948453608247423,0
1,0,1,0
1,0,0.9948453608247423,0
1,0,0.9948453608247423,0
1,0,0.9896907216494846,0
1,0.005128205128205128,0.9845360824742269,0
1,0.005128205128205128,0.9845360824742269,0
1,0.08056872037914692,0.9948453608247423,0.08095238095238096
1,0,1,0
1,0,1,0
1,0,0.9896907216494846,0
1,0,0.9742268041237113,0
1,0,0.9896907216494846,0
1,0,1,0
1,0,0.9742268041237113,0
1,0,0.9690721649484536,0
1,0.01020408163265306,1,0
1,0.005128205128205128,0.9948453608247423,0
1,0.02512562814070352,0.9948453608247423,0.005154639175257732
1,0,0.9948453608247423,0
1,0.005128205128205128,0.9948453608247423,0
1,0,0.9484536082474226,0
1,0.01020408163265306,0.9639175257731959,0
1,0.01020408163265306,0.9896907216494846,0
1,0,0.9896907216494846,0
1,0,0.8556701030927835,0
1,0,0.9896907216494846,0
1,0,0.9948453608247423,0
1,0,1,0
1,0.005128205128205128,1,0
1,0.005128205128205128,1,0
1,0.005128205128205128,0.9948453608247423,0
1,0,0.9896907216494846,0
1,0.005128205128205128,0.9896907216494846,0
1,0,0.9896907216494846,0
1,0,0.9948453608247423,0
1,0,1,0
1,0,0.9742268041237113,0
1,0,0.9572649572649573,0
1,0,0.9430199430199431,0
1,0.00847457627118644,0.9829059829059829,0
1,0,0.9971509971509972,0
1,0,0.9487179487179487,0
1,0,0.9230769230769231,0
1,0,0.9971509971509972,0
1,0,0.9943019943019943,0
1,0,0.9202279202279202,0
1,0,1,0
1,0,0.9829059829059829,0
1,0,0.9943019943019943,0
1,0.0056657223796034,0.9943019943019943,0.005698005698005698
1,0,0.9943019943019943,0
1,0,0.9829059829059829,0
1,0.002840909090909091,0.9458689458689459,0
1,0,0.98005698005698,0
1,0,0.9601139601139601,0
1,0,0.9886039886039886,0
1,0,0.9772079772079773,0
1,0,1,0
1,0,0.9857549857549858,0
1,0,0.9914529914529915,0
1,0,0.9857549857549858,0
1,0,1,0
1,0,1,0
1,0,1,0
1,0,1,0
1,0,0.9743589743589743,0
1,0.002840909090909091,1,0
1,0,1,0
1,0,1,0
1,0,1,0
1,0,0.9971509971509972,0
1,0,0.9943019943019943,0
1,0,0.9829059829059829,0
1,0,0.9487179487179487,0
1,0,0.9971509971509972,0
1,0,1,0
1,0,0.9971509971509972,0
1,0,1,0
1,0,1,0
1,0,0.9914529914529915,0
1,0,0.9971509971509972,0
1,0,0.98005698005698,0
1,0,0.9829059829059829,0
1,0,0.9487179487179487,0
1,0.002840909090909091,0.9914529914529915,0
1,0,0.9886039886039886,0
1,0,0.9344729344729344,0
1,0,0.9629629629629629,0
1,0,0.9601139601139601,0
1,0,1,0
1,0,0.9914529914529915,0
1,0,0.9287749287749287,0
1,0,0.9857549857549858,0
1,0,0.9886039886039886,0
1,0.002840909090909091,0.9686609686609686,0
1,0,0.9145299145299145,0
1,0,1,0
1,0,0.9886039886039886,0
1,0,0.9715099715099715,0
1,0,1,0
1,0,0.9943019943019943,0
1,0,0.9629629629629629,0
1,0,0.9971509971509972,0
1,0,1,0
1,0,0.9715099715099715,0
1,0.002840909090909091,0.9715099715099715,0
1,0,0.9572649572649573,0
1,0,0.9943019943019943,0
1,0.08115183246073299,0.9943019943019943,0.043835616438356165
1,0,0.9715099715099715,0
1,0,0.98005698005698,0
1,0,0.9829059829059829,0
1,0,0.9943019943019943,0
1,0,0.98005698005698,0
1,0,0.9601139601139601,0
1,0.0056657223796034,1,0
1,0,1,0
1,0.002840909090909091,0.9886039886039886,0
1,0,0.9886039886039886,0
1,0,0.9886039886039886,0
1,0,0.9401709401709402,0
1,0,0.8290598290598291,0
1,0,0.9772079772079773,0
1,0,0.9772079772079773,0
1,0,0.8689458689458689,0
1,0,0.9943019943019943,0
1,0,0.98005698005698,0
1,0,0.98005698005698,0
1,0,1,0
1,0,1,0
1,0,0.9971509971509972,0
1,0,0.98005698005698,0
1,0,0.9886039886039886,0
1,0,0.9658119658119658,0
1,0,0.9658119658119658,0
1,0,0.9943019943019943,0
1,0,0.9487179487179487,0
1,0.7108433734939759,1,0
1,0.1724137931034483,1,0
1,0.35135135135135137,1,0
1,0.04,1,0
1,0.4782608695652174,0.9583333333333334,0
1,0,1,0
1,0,1,0
1,0.07692307692307693,1,0
1,0.3684210526315789,1,0
1,0.5294117647058824,1,0
1,0.45454545454545453,1,0
1,0.2727272727272727,0.9583333333333334,0.041666666666666664
1,0.04,1,0
1,0.3142857142857143,1,0
1,0.14285714285714285,1,0
1,0.5,1,0
1,0,1,0
1,0.2,1,0
1,0.2,1,0
1,0.25,1,0
1,0.5294117647058824,1,0
1,0,0.9583333333333334,0
1,0.1111111111111111,1,0
1,0,1,0
1,0,1,0
1,0.29411764705882354,1,0
1,0.07692307692307693,1,0
1,0.1724137931034483,1,0
1,0,1,0
1,0.4146341463414634,1,0
1,0.1724137931034483,1,0
1,0,1,0
1,0.1724137931034483,1,0
1,0.04,1,0
1,0.3333333333333333,1,0
1,0,1,0
1,0.04,1,0
1,0.04,1,0
1,0.5932203389830508,1,0
1,0.07692307692307693,1,0
1,0,1,0
1,0.4418604651162791,1,0
1,0.5636363636363636,0.9583333333333334,0
1,0,0.9583333333333334,0
1,0.35135135135135137,1,0
1,0.1111111111111111,1,0
1,0,1,0
1,0.1724137931034483,1,0
1,0.2,1,0
1,0.22580645161290322,0.9583333333333334,0
1,0.07692307692307693,1,0
1,0,1,0
1,0,1,0
1,0.3333333333333333,1,0
1,0,1,0
1,0.6842105263157895,1,0
1,0.52,1,0
1,0.22580645161290322,1,0
1,0.07692307692307693,1,0
1,0,1,0
1,0.04,1,0
1,0.4782608695652174,1,0
1,0,1,0
1,0.07692307692307693,1,0
1,0.04,1,0
1,0,1,0
1,0.48936170212765956,1,0
1,0.4,1,0
1,0,1,0
1,0.04,1,0
1,0.1111111111111111,1,0
1,0.7073170731707317,1,0
1,0.1111111111111111,1,0
1,0,1,0
1,0,1,0
1,0.1111111111111111,1,0
1,0.14285714285714285,1,0
1,0,1,0
1,0,0.9583333333333334,0
1,0.1724137931034483,1,0
1,0,1,0
1,0.07692307692307693,1,0
1,0,1,0
1,0.38461538461538464,1,0
1,0.5,1,0
1,0.1111111111111111,1,0
1,0.5714285714285714,0.9583333333333334,0
1,0.6883116883116883,1,0
1,0,1,0
1,0.04,1,0
1,0,1,0
1,0,0.9583333333333334,0
1,0.14285714285714285,0.9583333333333334,0
1,0.1724137931034483,0.9583333333333334,0
1,0,1,0
1,0.04,1,0
1,0,1,0
1,0,1,0
1,0.29411764705882354,1,0
1,0.1724137931034483,1,0
1,0.6236559139784946,1,0
1,0.10256410256410256,1,0
1,0.2391304347826087,1,0
1,0.18604651162790697,1,0
1,0.35185185185185186,1,0
1,0,1,0
1,0.07894736842105263,1,0
1,0.125,1,0
1,0.3137254901960784,1,0
1,0.453125,1,0
1,0.38596491228070173,1,0
1,0,1,0
1,0.027777777777777776,1,0
1,0.2857142857142857,1,0
1,0.10256410256410256,0.9714285714285714,0
1,0.38596491228070173,1,0
1,0,1,0
1,0,1,0
1,0.16666666666666666,0.9714285714285714,0
1,0.36363636363636365,0.9714285714285714,0
1,0.4166666666666667,1,0
1,0.027777777777777776,0.9142857142857143,0
1,0.05405405405405406,1,0
1,0.05405405405405406,1,0
1,0.16666666666666666,1,0
1,0.7852760736196319,1,0
1,0.10256410256410256,1,0
1,0.14634146341463414,1,0
1,0.2553191489361702,1,0
1,0.36363636363636365,1,0
1,0.125,1,0
1,0,1,0
1,0,1,0
1,0.027777777777777776,1,0
1,0.05405405405405406,1,0
1,0,1,0
1,0.027777777777777776,1,0
1,0.027777777777777776,1,0.027777777777777776
1,0.5512820512820513,1,0
1,0.05405405405405406,1,0
1,0,1,0
1,0.2553191489361702,1,0
1,0.4927536231884058,1,0
1,0,1,0
1,0.2222222222222222,1,0
1,0.07894736842105263,1,0
1,0,0.9714285714285714,0
1,0.05405405405405406,0.9714285714285714,0
1,0.3137254901960784,1,0
1,0,0.9714285714285714,0
1,0.2391304347826087,0.9714285714285714,0
1,0.027777777777777776,0.9714285714285714,0
1,0,0.9714285714285714,0
1,0.2857142857142857,1,0
1,0,1,0
1,0,1,0
1,0.4166666666666667,1,0
1,0.2857142857142857,1,0
1,0.07894736842105263,1,0
1,0,1,0
1,0,1,0
1,0.07894736842105263,0.9714285714285714,0
1,0,1,0
1,0.05405405405405406,1,0
1,0.4067796610169492,1,0
1,0,1,0
1,0.39655172413793105,1,0
1,0.43548387096774194,1,0
1,0.125,1,0
1,0,1,0
1,0.2391304347826087,1,0
1,0.5833333333333334,1,0
1,0.07894736842105263,1,0
1,0,1,0
1,0,1,0
1,0.125,1,0
1,0.10256410256410256,0.9714285714285714,0
1,0,1,0
1,0,1,0
1,0.125,1,0
1,0,1,0
1,0.05405405405405406,1,0
1,0.4927536231884058,1,0
1,0.20454545454545456,1,0
1,0.3269230769230769,1,0
1,0.18604651162790697,1,0
1,0.4927536231884058,0.9714285714285714,0
1,0.5882352941176471,1,0
1,0,1,0
1,0.05405405405405406,1,0
1,0.05405405405405406,1,0
1,0,1,0
1,0,1,0
1,0,1,0
1,0,0.9714285714285714,0
1,0.027777777777777776,1,0
1,0,1,0
1,0.07894736842105263,1,0
1,0.2391304347826087,1,0
1,0.05405405405405406,1,0
1,0,0.9545454545454546,0
1,0.175,0.9848484848484849,0.14473684210526316
1,0.10810810810810811,0.9393939393939394,0
1,0.16455696202531644,0.9393939393939394,0
1,0.12,0.9393939393939394,0
1,0,1,0
1,0.043478260869565216,1,0
1,0.05714285714285714,1,0
1,0.13157894736842105,0.9696969696969697,0
1,0.25,1,0
1,0.21428571428571427,0.9696969696969697,0
1,0.07042253521126761,0.9393939393939394,0
1,0.014925373134328358,1,0
1,0.14285714285714285,1,0
1,0.029411764705882353,0.9393939393939394,0
1,0.20481927710843373,1,0
1,0,1,0
1,0.17721518987341772,0.9538461538461539,0.16216216216216217
1,0.08333333333333333,0.9696969696969697,0
1,0.0958904109589041,0.9393939393939394,0
1,0.21428571428571427,0.9696969696969697,0
1,0,0.8939393939393939,0
1,0.029411764705882353,1,0
1,0,1,0
1,0.05714285714285714,0.9696969696969697,0
1,0.5217391304347826,0.9545454545454546,0
1,0.014925373134328358,0.9848484848484849,0
1,0.0958904109589041,1,0
1,0,0.9393939393939394,0
1,0.2413793103448276,1,0
1,0.05714285714285714,1,0
1,0,0.9848484848484849,0
1,0,1,0
1,0.014925373134328358,1,0
1,0.043478260869565216,0.9848484848484849,0
1,0,1,0
1,0.014925373134328358,0.9848484848484849,0
1,0.5352112676056338,0.9696969696969697,0.43859649122807015
1,0.2903225806451613,0.9696969696969697,0
1,0.014925373134328358,0.9848484848484849,0
1,0.2903225806451613,0.9242424242424242,0.3068181818181818
1,0.029411764705882353,0.9848484848484849,0
1,0.16455696202531644,0.9696969696969697,0
1,0,0.8939393939393939,0
1,0.10810810810810811,1,0
1,0.26666666666666666,0.9696969696969697,0
1,0,0.9545454545454546,0
1,0.014925373134328358,0.9848484848484849,0
1,0.043478260869565216,0.9545454545454546,0
1,0.029411764705882353,0.9545454545454546,0
1,0,0.9696969696969697,0
1,0,0.9848484848484849,0
1,0.12,0.9696969696969697,0
1,0.12,1,0
1,0,0.9848484848484849,0
1,0,0.9848484848484849,0
1,0.415929203539823,0.9848484848484849,0
1,0.10810810810810811,0.9848484848484849,0
1,0.043478260869565216,0.9848484848484849,0
1,0,0.9848484848484849,0
1,0.014925373134328358,1,0
1,0.175,0.9545454545454546,0
1,0,0.9848484848484849,0
1,0.014925373134328358,0.9545454545454546,0
1,0,0.9848484848484849,0
1,0.029411764705882353,0.9848484848484849,0
1,0.1951219512195122,0.9848484848484849,0
1,0.16455696202531644,0.9242424242424242,0
1,0,0.9242424242424242,0
1,0,0.9848484848484849,0
1,0.014925373134328358,0.9545454545454546,0
1,0.13157894736842105,0.9848484848484849,0
1,0.21428571428571427,1,0
1,0,1,0
1,0,0.9242424242424242,0
1,0.029411764705882353,1,0
1,0.05714285714285714,1,0
1,0,0.8787878787878788,0
1,0.2413793103448276,0.9545454545454546,0.25
1,0.043478260869565216,1,0
1,0,0.9090909090909091,0
1,0.014925373134328358,0.9090909090909091,0
1,0.0958904109589041,0.9848484848484849,0
1,0.13157894736842105,0.9696969696969697,0
1,0.3333333333333333,0.8939393939393939,0
1,0.029411764705882353,0.9696969696969697,0
1,0.2413793103448276,0.9545454545454546,0
1,0,1,0
1,0,0.9242424242424242,0
1,0.043478260869565216,0.9696969696969697,0
1,0,1,0
1,0.029411764705882353,0.9545454545454546,0
1,0,1,0
1,0,1,0
1,0,1,0
1,0,0.9848484848484849,0
1,0,1,0
1,0,0.9848484848484849,0
1,0.043478260869565216,1,0
1,0.043478260869565216,0.9848484848484849,0
1,0.09345794392523364,0.9639175257731959,0.06030150753768844
1,0.13777777777777778,0.9536082474226805,0.11904761904761904
1,0.05365853658536585,0.979381443298969,0.005235602094240838
1,0.020202020202020204,0.9278350515463918,0
1,0.02512562814070352,0.9896907216494846,0
1,0,0.9896907216494846,0
1,0,0.9896907216494846,0
1,0.015228426395939087,0.9896907216494846,0
1,0,1,0
1,0.03482587064676617,0.9948453608247423,0
1,0.039603960396039604,0.9948453608247423,0
1,0.015228426395939087,0.9329896907216495,0
1,0.01020408163265306,0.9845360824742269,0
1,0.015228426395939087,0.9948453608247423,0
1,0.01020408163265306,0.9742268041237113,0
1,0.05365853658536585,0.9948453608247423,0
1,0,0.9948453608247423,0
1,0.01020408163265306,0.9690721649484536,0.010526315789473684
1,0,0.9639175257731959,0
1,0,0.9896907216494846,0
1,0.03482587064676617,0.9742268041237113,0
1,0.020202020202020204,0.9896907216494846,0
1,0.01020408163265306,0.9948453608247423,0
1,0.01020408163265306,0.9896907216494846,0
1,0.005128205128205128,1,0
1,0.13777777777777778,0.9948453608247423,0
1,0,0.9948453608247423,0
1,0.039603960396039604,0.9381443298969072,0
1,0,0.9742268041237113,0
1,0.08056872037914692,0.9896907216494846,0
1,0.015228426395939087,0.9896907216494846,0
1,0,0.9948453608247423,0
1,0,0.9896907216494846,0
1,0,0.9896907216494846,0
1,0.005128205128205128,0.9742268041237113,0
1,0,1,0
1,0,0.9948453608247423,0
1,0.19834710743801653,0.9845360824742269,0.1511111111111111
1,0.0673076923076923,0.979381443298969,0
1,0.005128205128205128,0.9948453608247423,0
1,0.0673076923076923,0.9587628865979382,0.07
1,0.020202020202020204,0.9587628865979382,0
1,0.020202020202020204,0.9845360824742269,0
1,0,0.9896907216494846,0
1,0.005128205128205128,0.9845360824742269,0
1,0,0.9948453608247423,0
1,0,0.979381443298969,0
1,0.005128205128205128,0.9845360824742269,0
1,0.01020408163265306,1,0
1,0,0.9536082474226805,0
1,0,1,0
1,0,0.9896907216494846,0
1,0,0.9896907216494846,0
1,0.02512562814070352,0.9948453608247423,0
1,0.15283842794759825,0.9742268041237113,0.15625
1,0,0.9845360824742269,0
1,0.14912280701754385,1,0
1,0.01020408163265306,0.979381443298969,0
1,0.01020408163265306,0.9896907216494846,0
1,0,0.979381443298969,0
1,0,1,0
1,0.02512562814070352,0.9896907216494846,0
1,0,0.9948453608247423,0
1,0.005128205128205128,0.9845360824742269,0
1,0.03,0.9845360824742269,0
1,0,0.9587628865979382,0
1,0.05825242718446602,0.9948453608247423,0
1,0.08490566037735849,0.9742268041237113,0
1,0.015228426395939087,1,0
1,0,0.9948453608247423,0
1,0.02512562814070352,0.9690721649484536,0
1,0.02512562814070352,0.9484536082474226,0
1,0.005128205128205128,0.9845360824742269,0
1,0.005128205128205128,0.979381443298969,0
1,0,0.9226804123711341,0
1,0.005128205128205128,0.9845360824742269,0
1,0.01020408163265306,1,0
1,0,0.9432989690721649,0
1,0.05365853658536585,0.9742268041237113,0.05025125628140704
1,0,1,0
1,0,0.9639175257731959,0
1,0.01020408163265306,0.9896907216494846,0
1,0.015228426395939087,0.9948453608247423,0
1,0.039603960396039604,0.9742268041237113,0
1,0,0.9845360824742269,0
1,0.01020408163265306,0.9742268041237113,0
1,0.02512562814070352,0.979381443298969,0
1,0,0.979381443298969,0
1,0,0.979381443298969,0
1,0.005128205128205128,0.9690721649484536,0
1,0,1,0
1,0,0.9896907216494846,0
1,0,0.9948453608247423,0
1,0,0.9896907216494846,0
1,0.18143459915611815,0.9896907216494846,0
1,0.005128205128205128,1,0
1,0,0.979381443298969,0
1,0,1,0
1,0,0.9948453608247423,0
1,0.005128205128205128,1,0
1,0,0.9686609686609686,0
1,0.0056657223796034,0.98005698005698,0.002898550724637681
1,0,0.9572649572649573,0
1,0,0.9145299145299145,0
1,0.002840909090909091,0.9772079772079773,0
1,0,1,0
1,0.002840909090909091,0.9601139601139601,0
1,0,0.9886039886039886,0
1,0,0.9772079772079773,0
1,0,0.9943019943019943,0
1,0,0.9829059829059829,0
1,0,0.9572649572649573,0
1,0,0.9914529914529915,0
1,0,0.9772079772079773,0
1,0,0.9430199430199431,0
1,0.0056657223796034,0.9914529914529915,0
1,0,0.9772079772079773,0
1,0,0.9829059829059829,0
1,0,0.9715099715099715,0
1,0,0.9886039886039886,0
1,0,0.9715099715099715,0
1,0,0.886039886039886,0
1,0,0.9857549857549858,0
1,0,0.9829059829059829,0
1,0,0.9715099715099715,0
1,0.0056657223796034,0.9914529914529915,0
1,0,0.98005698005698,0
1,0.0056657223796034,0.9515669515669516,0
1,0.002840909090909091,0.9772079772079773,0
1,0.00847457627118644,0.9601139601139601,0
1,0,0.9886039886039886,0
1,0,0.98005698005698,0
1,0,0.9715099715099715,0
1,0,0.9658119658119658,0
1,0.002840909090909091,0.9515669515669516,0
1,0,0.9914529914529915,0
1,0,0.9886039886039886,0
1,0.01680672268907563,0.9715099715099715,0.011594202898550725
1,0.00847457627118644,0.9572649572649573,0
1,0.002840909090909091,0.9943019943019943,0
1,0,0.9430199430199431,0
1,0,0.9344729344729344,0
1,0,0.9601139601139601,0
1,0,0.9287749287749287,0
1,0.002840909090909091,0.9544159544159544,0
1,0,0.9971509971509972,0
1,0,0.9829059829059829,0
1,0,0.9829059829059829,0
1,0,0.9658119658119658,0
1,0,0.9316239316239316,0
1,0,0.9857549857549858,0
1,0,0.98005698005698,0
1,0,0.9886039886039886,0
1,0,0.9971509971509972,0
1,0.01680672268907563,0.9686609686609686,0.017341040462427744
1,0,0.9629629629629629,0
1,0.0056657223796034,0.9943019943019943,0
1,0,0.9772079772079773,0
1,0,0.98005698005698,0
1,0,0.9943019943019943,0
1,0,0.9829059829059829,0
1,0.002840909090909091,0.98005698005698,0
1,0,0.9914529914529915,0
1,0,0.9544159544159544,0
1,0,0.9943019943019943,0
1,0.002840909090909091,0.9715099715099715,0
1,0,0.9886039886039886,0
1,0.0056657223796034,0.9658119658119658,0
1,0,0.9601139601139601,0
1,0,0.9914529914529915,0
1,0.002840909090909091,0.9658119658119658,0
1,0,0.9772079772079773,0
1,0,0.9829059829059829,0
1,0,0.9943019943019943,0
1,0,0.8803418803418803,0
1,0,0.9743589743589743,0
1,0,0.9914529914529915,0
1,0,0.9259259259259259,0
1,0,0.9487179487179487,0
1,0,0.9772079772079773,0
1,0,0.9373219373219374,0
1,0,0.9572649572649573,0
1,0,0.9914529914529915,0
1,0.002840909090909091,0.9743589743589743,0
1,0,0.9743589743589743,0
1,0,0.9686609686609686,0
1,0.002840909090909091,0.9601139601139601,0
1,0.002840909090909091,0.9857549857549858,0
1,0,0.9914529914529915,0
1,0,0.9401709401709402,0
1,0,0.9943019943019943,0
1,0,0.9886039886039886,0
1,0,0.9829059829059829,0
1,0,0.98005698005698,0
1,0,0.9914529914529915,0
1,0,0.9886039886039886,0
1,0,0.9544159544159544,0
1,0,0.9886039886039886,0
1,0,0.9715099715099715,0
1,0,0.9886039886039886,0
